Process,Step,Start Date,End Date
Academic Writing Learning Process,Understanding the importance of academic writing,2024-07-01,2025-03-01
Academic Writing Learning Process,Learning the basic structure of academic writing,2024-07-01,2025-03-01
Academic Writing Learning Process,Mastering literature review techniques,2024-07-01,2025-03-01
Academic Writing Learning Process,Learning citation and reference formats,2024-07-01,2025-03-01
Academic Writing Learning Process,Practicing academic paper writing,2024-07-01,2025-03-01
Academic Writing Learning Process,Accepting peer review and revision,2024-07-01,2025-03-01
Academic Writing Learning Process,Participating in academic conferences and seminars,2024-07-01,2025-03-01
Linux and HPC Cluster Learning Process,Learning basic Linux commands,2024-07-15,2025-02-15
Linux and HPC Cluster Learning Process,Understanding high-performance computing concepts,2024-07-15,2025-02-15
Linux and HPC Cluster Learning Process,Learning parallel programming models,2024-07-15,2025-02-15
Linux and HPC Cluster Learning Process,Mastering job scheduling system usage,2024-07-15,2025-02-15
Linux and HPC Cluster Learning Process,Learning performance optimization techniques,2024-07-15,2025-02-15
Linux and HPC Cluster Learning Process,Practicing large-scale computing tasks,2024-07-15,2025-02-15
Linux and HPC Cluster Learning Process,Understanding data management and storage,2024-07-15,2025-02-15
Time Series Model Learning Process,Understanding time series data characteristics,2024-08-01,2025-02-28
Time Series Model Learning Process,Learning basic statistics and probability theory,2024-08-01,2025-02-28
Time Series Model Learning Process,Mastering classical time series models (ARIMA),2024-08-01,2025-02-28
Time Series Model Learning Process,Learning state space models,2024-08-01,2025-02-28
Time Series Model Learning Process,Understanding machine learning applications in time series,2024-08-01,2025-02-28
Time Series Model Learning Process,Learning deep learning time series models,2024-08-01,2025-02-28
Time Series Model Learning Process,Practicing real dataset analysis,2024-08-01,2025-02-28
